0,129,{'weight': 1.0}
0,195,{'weight': 1.0}
0,327,{'weight': 1.0}
0,332,{'weight': 1.0}
0,13,{'weight': 1.0}
0,77,{'weight': 1.0}
0,209,{'weight': 1.0}
0,82,{'weight': 1.0}
0,341,{'weight': 1.0}
0,143,{'weight': 1.0}
0,156,{'weight': 1.0}
0,29,{'weight': 1.0}
0,96,{'weight': 1.0}
0,292,{'weight': 1.0}
0,273,{'weight': 1.0}
0,360,{'weight': 1.0}
0,173,{'weight': 1.0}
0,239,{'weight': 1.0}
0,304,{'weight': 1.0}
0,119,{'weight': 1.0}
0,184,{'weight': 1.0}
0,124,{'weight': 1.0}
0,317,{'weight': 1.0}
0,62,{'weight': 1.0}
1,282,{'weight': 1.0}
1,6,{'weight': 1.0}
1,199,{'weight': 1.0}
1,200,{'weight': 1.0}
1,73,{'weight': 1.0}
1,74,{'weight': 1.0}
1,371,{'weight': 1.0}
1,273,{'weight': 1.0}
1,147,{'weight': 1.0}
1,148,{'weight': 1.0}
1,342,{'weight': 1.0}
1,409,{'weight': 1.0}
1,346,{'weight': 1.0}
1,220,{'weight': 1.0}
1,285,{'weight': 1.0}
1,222,{'weight': 1.0}
1,290,{'weight': 1.0}
1,38,{'weight': 1.0}
1,103,{'weight': 1.0}
1,361,{'weight': 1.0}
1,234,{'weight': 1.0}
1,365,{'weight': 1.0}
1,238,{'weight': 1.0}
1,115,{'weight': 1.0}
1,181,{'weight': 1.0}
1,379,{'weight': 1.0}
2,128,{'weight': 1.0}
2,171,{'weight': 1.0}
2,196,{'weight': 1.0}
2,5,{'weight': 1.0}
2,332,{'weight': 1.0}
2,13,{'weight': 1.0}
2,397,{'weight': 1.0}
2,272,{'weight': 1.0}
2,56,{'weight': 1.0}
2,27,{'weight': 1.0}
2,156,{'weight': 1.0}
2,286,{'weight': 1.0}
2,95,{'weight': 1.0}
2,162,{'weight': 1.0}
2,228,{'weight': 1.0}
2,235,{'weight': 1.0}
2,108,{'weight': 1.0}
2,109,{'weight': 1.0}
2,240,{'weight': 1.0}
2,306,{'weight': 1.0}
2,244,{'weight': 1.0}
2,248,{'weight': 1.0}
2,127,{'weight': 1.0}
3,289,{'weight': 1.0}
3,251,{'weight': 1.0}
3,392,{'weight': 1.0}
3,75,{'weight': 1.0}
3,380,{'weight': 1.0}
3,301,{'weight': 1.0}
3,158,{'weight': 1.0}
4,96,{'weight': 1.0}
4,336,{'weight': 1.0}
4,334,{'weight': 1.0}
4,8,{'weight': 1.0}
4,332,{'weight': 1.0}
4,172,{'weight': 1.0}
4,13,{'weight': 1.0}
4,77,{'weight': 1.0}
4,143,{'weight': 1.0}
4,272,{'weight': 1.0}
4,232,{'weight': 1.0}
4,84,{'weight': 1.0}
4,317,{'weight': 1.0}
4,57,{'weight': 1.0}
4,20,{'weight': 1.0}
4,239,{'weight': 1.0}
4,156,{'weight': 1.0}
4,29,{'weight': 1.0}
4,341,{'weight': 1.0}
5,235,{'weight': 1.0}
5,213,{'weight': 1.0}
5,264,{'weight': 1.0}
5,95,{'weight': 1.0}
5,187,{'weight': 1.0}
5,362,{'weight': 1.0}
5,21,{'weight': 1.0}
6,192,{'weight': 1.0}
6,226,{'weight': 1.0}
6,11,{'weight': 1.0}
6,147,{'weight': 1.0}
6,365,{'weight': 1.0}
6,199,{'weight': 1.0}
6,103,{'weight': 1.0}
6,269,{'weight': 1.0}
6,303,{'weight': 1.0}
6,50,{'weight': 1.0}
6,115,{'weight': 1.0}
6,148,{'weight': 1.0}
6,182,{'weight': 1.0}
6,215,{'weight': 1.0}
6,225,{'weight': 1.0}
6,185,{'weight': 1.0}
6,371,{'weight': 1.0}
6,281,{'weight': 1.0}
6,285,{'weight': 1.0}
6,222,{'weight': 1.0}
7,161,{'weight': 1.0}
7,194,{'weight': 1.0}
7,369,{'weight': 1.0}
7,10,{'weight': 1.0}
7,274,{'weight': 1.0}
7,93,{'weight': 1.0}
7,207,{'weight': 1.0}
7,48,{'weight': 1.0}
7,177,{'weight': 1.0}
7,221,{'weight': 1.0}
7,371,{'weight': 1.0}
7,270,{'weight': 1.0}
7,319,{'weight': 1.0}
7,216,{'weight': 1.0}
7,59,{'weight': 1.0}
7,42,{'weight': 1.0}
7,62,{'weight': 1.0}
7,277,{'weight': 1.0}
8,257,{'weight': 1.0}
8,262,{'weight': 1.0}
8,385,{'weight': 1.0}
8,12,{'weight': 1.0}
8,334,{'weight': 1.0}
8,272,{'weight': 1.0}
8,401,{'weight': 1.0}
8,276,{'weight': 1.0}
8,348,{'weight': 1.0}
8,89,{'weight': 1.0}
8,156,{'weight': 1.0}
8,286,{'weight': 1.0}
8,224,{'weight': 1.0}
8,162,{'weight': 1.0}
8,36,{'weight': 1.0}
8,40,{'weight': 1.0}
8,28,{'weight': 1.0}
8,235,{'weight': 1.0}
8,172,{'weight': 1.0}
8,317,{'weight': 1.0}
8,232,{'weight': 1.0}
8,178,{'weight': 1.0}
8,53,{'weight': 1.0}
8,376,{'weight': 1.0}
8,63,{'weight': 1.0}
8,60,{'weight': 1.0}
8,125,{'weight': 1.0}
8,127,{'weight': 1.0}
9,384,{'weight': 1.0}
9,91,{'weight': 1.0}
9,61,{'weight': 1.0}
10,161,{'weight': 1.0}
10,194,{'weight': 1.0}
10,227,{'weight': 1.0}
10,296,{'weight': 1.0}
10,42,{'weight': 1.0}
10,391,{'weight': 1.0}
10,270,{'weight': 1.0}
10,207,{'weight': 1.0}
10,48,{'weight': 1.0}
10,177,{'weight': 1.0}
10,242,{'weight': 1.0}
10,371,{'weight': 1.0}
10,277,{'weight': 1.0}
10,216,{'weight': 1.0}
10,346,{'weight': 1.0}
10,221,{'weight': 1.0}
10,319,{'weight': 1.0}
11,192,{'weight': 1.0}
11,225,{'weight': 1.0}
11,147,{'weight': 1.0}
11,103,{'weight': 1.0}
11,361,{'weight': 1.0}
11,371,{'weight': 1.0}
11,269,{'weight': 1.0}
11,365,{'weight': 1.0}
11,50,{'weight': 1.0}
11,115,{'weight': 1.0}
11,182,{'weight': 1.0}
11,215,{'weight': 1.0}
11,281,{'weight': 1.0}
11,379,{'weight': 1.0}
11,222,{'weight': 1.0}
11,409,{'weight': 1.0}
12,195,{'weight': 1.0}
12,334,{'weight': 1.0}
12,272,{'weight': 1.0}
12,401,{'weight': 1.0}
12,276,{'weight': 1.0}
12,341,{'weight': 1.0}
12,89,{'weight': 1.0}
12,154,{'weight': 1.0}
12,28,{'weight': 1.0}
12,224,{'weight': 1.0}
12,162,{'weight': 1.0}
12,36,{'weight': 1.0}
12,295,{'weight': 1.0}
12,348,{'weight': 1.0}
12,235,{'weight': 1.0}
12,53,{'weight': 1.0}
12,376,{'weight': 1.0}
12,187,{'weight': 1.0}
12,60,{'weight': 1.0}
12,125,{'weight': 1.0}
12,63,{'weight': 1.0}
13,128,{'weight': 1.0}
13,36,{'weight': 1.0}
13,261,{'weight': 1.0}
13,257,{'weight': 1.0}
13,40,{'weight': 1.0}
13,138,{'weight': 1.0}
13,171,{'weight': 1.0}
13,300,{'weight': 1.0}
13,224,{'weight': 1.0}
13,397,{'weight': 1.0}
13,240,{'weight': 1.0}
13,306,{'weight': 1.0}
13,318,{'weight': 1.0}
13,53,{'weight': 1.0}
13,89,{'weight': 1.0}
13,400,{'weight': 1.0}
13,341,{'weight': 1.0}
14,133,{'weight': 1.0}
14,71,{'weight': 1.0}
14,117,{'weight': 1.0}
14,31,{'weight': 1.0}
15,98,{'weight': 1.0}
15,75,{'weight': 1.0}
15,164,{'weight': 1.0}
15,358,{'weight': 1.0}
15,231,{'weight': 1.0}
15,203,{'weight': 1.0}
15,175,{'weight': 1.0}
15,241,{'weight': 1.0}
15,243,{'weight': 1.0}
15,150,{'weight': 1.0}
15,355,{'weight': 1.0}
15,217,{'weight': 1.0}
15,335,{'weight': 1.0}
15,30,{'weight': 1.0}
16,132,{'weight': 1.0}
16,398,{'weight': 1.0}
16,278,{'weight': 1.0}
16,151,{'weight': 1.0}
16,281,{'weight': 1.0}
16,55,{'weight': 1.0}
16,380,{'weight': 1.0}
16,329,{'weight': 1.0}
17,383,{'weight': 1.0}
17,242,{'weight': 1.0}
17,211,{'weight': 1.0}
17,39,{'weight': 1.0}
17,58,{'weight': 1.0}
17,303,{'weight': 1.0}
17,255,{'weight': 1.0}
18,256,{'weight': 1.0}
18,145,{'weight': 1.0}
18,384,{'weight': 1.0}
18,261,{'weight': 1.0}
19,144,{'weight': 1.0}
19,97,{'weight': 1.0}
19,274,{'weight': 1.0}
19,291,{'weight': 1.0}
19,375,{'weight': 1.0}
19,72,{'weight': 1.0}
19,173,{'weight': 1.0}
20,96,{'weight': 1.0}
20,368,{'weight': 1.0}
20,228,{'weight': 1.0}
20,276,{'weight': 1.0}
20,292,{'weight': 1.0}
20,72,{'weight': 1.0}
20,363,{'weight': 1.0}
20,172,{'weight': 1.0}
20,77,{'weight': 1.0}
20,143,{'weight': 1.0}
20,336,{'weight': 1.0}
20,104,{'weight': 1.0}
20,205,{'weight': 1.0}
20,84,{'weight': 1.0}
20,149,{'weight': 1.0}
20,173,{'weight': 1.0}
20,57,{'weight': 1.0}
20,156,{'weight': 1.0}
20,317,{'weight': 1.0}
20,341,{'weight': 1.0}
21,256,{'weight': 1.0}
21,99,{'weight': 1.0}
21,261,{'weight': 1.0}
21,70,{'weight': 1.0}
21,91,{'weight': 1.0}
21,235,{'weight': 1.0}
21,109,{'weight': 1.0}
21,397,{'weight': 1.0}
21,145,{'weight': 1.0}
21,178,{'weight': 1.0}
21,86,{'weight': 1.0}
21,248,{'weight': 1.0}
21,249,{'weight': 1.0}
21,187,{'weight': 1.0}
21,156,{'weight': 1.0}
21,95,{'weight': 1.0}
22,299,{'weight': 1.0}
22,230,{'weight': 1.0}
22,184,{'weight': 1.0}
22,124,{'weight': 1.0}
22,59,{'weight': 1.0}
22,204,{'weight': 1.0}
23,276,{'weight': 1.0}
24,34,{'weight': 1.0}
24,275,{'weight': 1.0}
24,155,{'weight': 1.0}
24,377,{'weight': 1.0}
24,297,{'weight': 1.0}
24,123,{'weight': 1.0}
24,78,{'weight': 1.0}
25,81,{'weight': 1.0}
25,242,{'weight': 1.0}
25,211,{'weight': 1.0}
25,165,{'weight': 1.0}
25,278,{'weight': 1.0}
25,75,{'weight': 1.0}
25,382,{'weight': 1.0}
25,389,{'weight': 1.0}
26,29,{'weight': 1.0}
27,311,{'weight': 1.0}
27,228,{'weight': 1.0}
27,261,{'weight': 1.0}
27,196,{'weight': 1.0}
27,171,{'weight': 1.0}
27,332,{'weight': 1.0}
27,109,{'weight': 1.0}
27,306,{'weight': 1.0}
27,85,{'weight': 1.0}
27,89,{'weight': 1.0}
27,56,{'weight': 1.0}
27,36,{'weight': 1.0}
27,95,{'weight': 1.0}
28,224,{'weight': 1.0}
28,162,{'weight': 1.0}
28,36,{'weight': 1.0}
28,348,{'weight': 1.0}
28,397,{'weight': 1.0}
28,334,{'weight': 1.0}
28,401,{'weight': 1.0}
28,276,{'weight': 1.0}
28,53,{'weight': 1.0}
28,376,{'weight': 1.0}
28,89,{'weight': 1.0}
28,154,{'weight': 1.0}
28,60,{'weight': 1.0}
28,125,{'weight': 1.0}
28,63,{'weight': 1.0}
29,321,{'weight': 1.0}
29,131,{'weight': 1.0}
29,325,{'weight': 1.0}
29,134,{'weight': 1.0}
29,143,{'weight': 1.0}
29,336,{'weight': 1.0}
29,273,{'weight': 1.0}
29,195,{'weight': 1.0}
29,149,{'weight': 1.0}
29,399,{'weight': 1.0}
29,284,{'weight': 1.0}
29,341,{'weight': 1.0}
29,96,{'weight': 1.0}
29,292,{'weight': 1.0}
29,37,{'weight': 1.0}
29,104,{'weight': 1.0}
29,363,{'weight': 1.0}
29,239,{'weight': 1.0}
29,232,{'weight': 1.0}
29,242,{'weight': 1.0}
29,317,{'weight': 1.0}
29,296,{'weight': 1.0}
30,241,{'weight': 1.0}
30,335,{'weight': 1.0}
30,164,{'weight': 1.0}
30,358,{'weight': 1.0}
30,231,{'weight': 1.0}
30,217,{'weight': 1.0}
30,175,{'weight': 1.0}
32,203,{'weight': 1.0}
32,309,{'weight': 1.0}
32,151,{'weight': 1.0}
32,39,{'weight': 1.0}
32,251,{'weight': 1.0}
32,252,{'weight': 1.0}
33,274,{'weight': 1.0}
33,371,{'weight': 1.0}
33,62,{'weight': 1.0}
33,120,{'weight': 1.0}
33,42,{'weight': 1.0}
33,44,{'weight': 1.0}
33,346,{'weight': 1.0}
33,270,{'weight': 1.0}
34,123,{'weight': 1.0}
34,386,{'weight': 1.0}
34,99,{'weight': 1.0}
34,388,{'weight': 1.0}
34,297,{'weight': 1.0}
34,333,{'weight': 1.0}
34,78,{'weight': 1.0}
34,49,{'weight': 1.0}
34,275,{'weight': 1.0}
34,54,{'weight': 1.0}
34,56,{'weight': 1.0}
34,377,{'weight': 1.0}
34,155,{'weight': 1.0}
35,336,{'weight': 1.0}
35,260,{'weight': 1.0}
35,325,{'weight': 1.0}
35,72,{'weight': 1.0}
35,204,{'weight': 1.0}
35,332,{'weight': 1.0}
35,304,{'weight': 1.0}
35,113,{'weight': 1.0}
35,149,{'weight': 1.0}
35,407,{'weight': 1.0}
35,218,{'weight': 1.0}
35,124,{'weight': 1.0}
35,62,{'weight': 1.0}
35,357,{'weight': 1.0}
36,224,{'weight': 1.0}
36,368,{'weight': 1.0}
36,162,{'weight': 1.0}
36,295,{'weight': 1.0}
36,63,{'weight': 1.0}
36,334,{'weight': 1.0}
36,272,{'weight': 1.0}
36,401,{'weight': 1.0}
36,276,{'weight': 1.0}
36,149,{'weight': 1.0}
36,348,{'weight': 1.0}
36,89,{'weight': 1.0}
36,154,{'weight': 1.0}
36,125,{'weight': 1.0}
36,53,{'weight': 1.0}
37,258,{'weight': 1.0}
37,131,{'weight': 1.0}
37,325,{'weight': 1.0}
37,357,{'weight': 1.0}
37,168,{'weight': 1.0}
37,156,{'weight': 1.0}
37,239,{'weight': 1.0}
37,273,{'weight': 1.0}
37,82,{'weight': 1.0}
37,149,{'weight': 1.0}
37,284,{'weight': 1.0}
37,296,{'weight': 1.0}
38,199,{'weight': 1.0}
38,200,{'weight': 1.0}
38,73,{'weight': 1.0}
38,74,{'weight': 1.0}
38,290,{'weight': 1.0}
38,269,{'weight': 1.0}
38,273,{'weight': 1.0}
38,148,{'weight': 1.0}
38,342,{'weight': 1.0}
38,409,{'weight': 1.0}
38,282,{'weight': 1.0}
38,285,{'weight': 1.0}
38,350,{'weight': 1.0}
38,226,{'weight': 1.0}
38,103,{'weight': 1.0}
38,361,{'weight': 1.0}
38,234,{'weight': 1.0}
38,238,{'weight': 1.0}
38,50,{'weight': 1.0}
38,115,{'weight': 1.0}
38,181,{'weight': 1.0}
38,379,{'weight': 1.0}
39,288,{'weight': 1.0}
39,67,{'weight': 1.0}
39,324,{'weight': 1.0}
39,165,{'weight': 1.0}
39,81,{'weight': 1.0}
39,136,{'weight': 1.0}
39,137,{'weight': 1.0}
39,394,{'weight': 1.0}
39,405,{'weight': 1.0}
39,175,{'weight': 1.0}
39,211,{'weight': 1.0}
39,117,{'weight': 1.0}
39,393,{'weight': 1.0}
39,345,{'weight': 1.0}
39,79,{'weight': 1.0}
39,253,{'weight': 1.0}
39,382,{'weight': 1.0}
39,229,{'weight': 1.0}
40,280,{'weight': 1.0}
40,292,{'weight': 1.0}
40,376,{'weight': 1.0}
40,57,{'weight': 1.0}
40,206,{'weight': 1.0}
41,178,{'weight': 1.0}
41,372,{'weight': 1.0}
41,263,{'weight': 1.0}
41,388,{'weight': 1.0}
41,156,{'weight': 1.0}
41,189,{'weight': 1.0}
41,333,{'weight': 1.0}
42,66,{'weight': 1.0}
42,134,{'weight': 1.0}
42,270,{'weight': 1.0}
42,207,{'weight': 1.0}
42,80,{'weight': 1.0}
42,277,{'weight': 1.0}
42,216,{'weight': 1.0}
42,153,{'weight': 1.0}
42,221,{'weight': 1.0}
42,227,{'weight': 1.0}
42,356,{'weight': 1.0}
42,369,{'weight': 1.0}
42,161,{'weight': 1.0}
42,93,{'weight': 1.0}
42,48,{'weight': 1.0}
42,177,{'weight': 1.0}
42,371,{'weight': 1.0}
42,183,{'weight': 1.0}
42,120,{'weight': 1.0}
42,250,{'weight': 1.0}
42,59,{'weight': 1.0}
42,254,{'weight': 1.0}
42,319,{'weight': 1.0}
43,368,{'weight': 1.0}
43,232,{'weight': 1.0}
43,332,{'weight': 1.0}
43,239,{'weight': 1.0}
43,156,{'weight': 1.0}
43,77,{'weight': 1.0}
43,190,{'weight': 1.0}
43,205,{'weight': 1.0}
44,371,{'weight': 1.0}
44,404,{'weight': 1.0}
44,245,{'weight': 1.0}
44,121,{'weight': 1.0}
44,403,{'weight': 1.0}
44,141,{'weight': 1.0}
44,222,{'weight': 1.0}
45,289,{'weight': 1.0}
45,67,{'weight': 1.0}
45,405,{'weight': 1.0}
45,75,{'weight': 1.0}
45,301,{'weight': 1.0}
45,175,{'weight': 1.0}
45,112,{'weight': 1.0}
45,303,{'weight': 1.0}
45,309,{'weight': 1.0}
45,343,{'weight': 1.0}
45,217,{'weight': 1.0}
45,186,{'weight': 1.0}
45,251,{'weight': 1.0}
45,252,{'weight': 1.0}
45,158,{'weight': 1.0}
45,373,{'weight': 1.0}
46,322,{'weight': 1.0}
46,167,{'weight': 1.0}
46,265,{'weight': 1.0}
46,236,{'weight': 1.0}
46,110,{'weight': 1.0}
46,176,{'weight': 1.0}
46,209,{'weight': 1.0}
46,146,{'weight': 1.0}
46,179,{'weight': 1.0}
46,212,{'weight': 1.0}
46,119,{'weight': 1.0}
46,313,{'weight': 1.0}
46,188,{'weight': 1.0}
47,208,{'weight': 1.0}
47,210,{'weight': 1.0}
47,118,{'weight': 1.0}
48,161,{'weight': 1.0}
48,371,{'weight': 1.0}
48,364,{'weight': 1.0}
48,270,{'weight': 1.0}
48,207,{'weight': 1.0}
48,369,{'weight': 1.0}
48,277,{'weight': 1.0}
48,216,{'weight': 1.0}
48,156,{'weight': 1.0}
48,221,{'weight': 1.0}
48,254,{'weight': 1.0}
49,64,{'weight': 1.0}
49,123,{'weight': 1.0}
49,388,{'weight': 1.0}
49,294,{'weight': 1.0}
49,386,{'weight': 1.0}
49,297,{'weight': 1.0}
49,333,{'weight': 1.0}
49,78,{'weight': 1.0}
49,208,{'weight': 1.0}
49,275,{'weight': 1.0}
49,54,{'weight': 1.0}
49,377,{'weight': 1.0}
49,155,{'weight': 1.0}
49,349,{'weight': 1.0}
49,223,{'weight': 1.0}
50,192,{'weight': 1.0}
50,409,{'weight': 1.0}
50,354,{'weight': 1.0}
50,74,{'weight': 1.0}
50,396,{'weight': 1.0}
50,269,{'weight': 1.0}
50,147,{'weight': 1.0}
50,215,{'weight': 1.0}
50,281,{'weight': 1.0}
50,282,{'weight': 1.0}
50,285,{'weight': 1.0}
50,222,{'weight': 1.0}
50,225,{'weight': 1.0}
50,290,{'weight': 1.0}
50,234,{'weight': 1.0}
50,365,{'weight': 1.0}
50,238,{'weight': 1.0}
50,115,{'weight': 1.0}
50,181,{'weight': 1.0}
50,182,{'weight': 1.0}
50,371,{'weight': 1.0}
51,97,{'weight': 1.0}
51,274,{'weight': 1.0}
51,126,{'weight': 1.0}
51,365,{'weight': 1.0}
51,346,{'weight': 1.0}
51,364,{'weight': 1.0}
51,338,{'weight': 1.0}
51,174,{'weight': 1.0}
51,111,{'weight': 1.0}
52,387,{'weight': 1.0}
52,407,{'weight': 1.0}
52,139,{'weight': 1.0}
52,204,{'weight': 1.0}
52,304,{'weight': 1.0}
52,113,{'weight': 1.0}
52,119,{'weight': 1.0}
52,184,{'weight': 1.0}
52,299,{'weight': 1.0}
52,90,{'weight': 1.0}
52,59,{'weight': 1.0}
52,124,{'weight': 1.0}
53,224,{'weight': 1.0}
53,162,{'weight': 1.0}
53,195,{'weight': 1.0}
53,295,{'weight': 1.0}
53,284,{'weight': 1.0}
53,334,{'weight': 1.0}
53,272,{'weight': 1.0}
53,276,{'weight': 1.0}
53,213,{'weight': 1.0}
53,376,{'weight': 1.0}
53,89,{'weight': 1.0}
53,154,{'weight': 1.0}
53,125,{'weight': 1.0}
53,63,{'weight': 1.0}
54,235,{'weight': 1.0}
54,123,{'weight': 1.0}
54,333,{'weight': 1.0}
54,78,{'weight': 1.0}
54,349,{'weight': 1.0}
55,132,{'weight': 1.0}
55,329,{'weight': 1.0}
55,398,{'weight': 1.0}
55,81,{'weight': 1.0}
55,278,{'weight': 1.0}
55,151,{'weight': 1.0}
55,88,{'weight': 1.0}
55,345,{'weight': 1.0}
55,255,{'weight': 1.0}
55,382,{'weight': 1.0}
55,383,{'weight': 1.0}
56,64,{'weight': 1.0}
56,196,{'weight': 1.0}
56,294,{'weight': 1.0}
56,297,{'weight': 1.0}
56,235,{'weight': 1.0}
56,333,{'weight': 1.0}
56,78,{'weight': 1.0}
56,109,{'weight': 1.0}
56,214,{'weight': 1.0}
56,286,{'weight': 1.0}
57,96,{'weight': 1.0}
57,292,{'weight': 1.0}
57,317,{'weight': 1.0}
57,363,{'weight': 1.0}
57,172,{'weight': 1.0}
57,205,{'weight': 1.0}
57,77,{'weight': 1.0}
57,368,{'weight': 1.0}
57,104,{'weight': 1.0}
57,84,{'weight': 1.0}
57,149,{'weight': 1.0}
57,143,{'weight': 1.0}
57,232,{'weight': 1.0}
57,341,{'weight': 1.0}
58,342,{'weight': 1.0}
58,409,{'weight': 1.0}
58,330,{'weight': 1.0}
58,268,{'weight': 1.0}
58,157,{'weight': 1.0}
58,126,{'weight': 1.0}
59,129,{'weight': 1.0}
59,322,{'weight': 1.0}
59,387,{'weight': 1.0}
59,407,{'weight': 1.0}
59,265,{'weight': 1.0}
59,139,{'weight': 1.0}
59,204,{'weight': 1.0}
59,209,{'weight': 1.0}
59,146,{'weight': 1.0}
59,212,{'weight': 1.0}
59,277,{'weight': 1.0}
59,313,{'weight': 1.0}
59,90,{'weight': 1.0}
59,347,{'weight': 1.0}
59,221,{'weight': 1.0}
59,287,{'weight': 1.0}
59,161,{'weight': 1.0}
59,230,{'weight': 1.0}
59,299,{'weight': 1.0}
59,236,{'weight': 1.0}
59,82,{'weight': 1.0}
59,304,{'weight': 1.0}
59,113,{'weight': 1.0}
59,179,{'weight': 1.0}
59,119,{'weight': 1.0}
59,184,{'weight': 1.0}
59,244,{'weight': 1.0}
59,314,{'weight': 1.0}
59,124,{'weight': 1.0}
60,224,{'weight': 1.0}
60,262,{'weight': 1.0}
60,348,{'weight': 1.0}
60,334,{'weight': 1.0}
60,349,{'weight': 1.0}
60,272,{'weight': 1.0}
60,401,{'weight': 1.0}
60,276,{'weight': 1.0}
60,376,{'weight': 1.0}
60,154,{'weight': 1.0}
60,125,{'weight': 1.0}
60,63,{'weight': 1.0}
61,138,{'weight': 1.0}
61,397,{'weight': 1.0}
61,311,{'weight': 1.0}
62,66,{'weight': 1.0}
62,227,{'weight': 1.0}
62,161,{'weight': 1.0}
62,327,{'weight': 1.0}
62,270,{'weight': 1.0}
62,353,{'weight': 1.0}
62,304,{'weight': 1.0}
62,177,{'weight': 1.0}
62,147,{'weight': 1.0}
62,180,{'weight': 1.0}
62,356,{'weight': 1.0}
62,120,{'weight': 1.0}
62,153,{'weight': 1.0}
62,346,{'weight': 1.0}
62,93,{'weight': 1.0}
62,254,{'weight': 1.0}
62,191,{'weight': 1.0}
63,224,{'weight': 1.0}
63,336,{'weight': 1.0}
63,162,{'weight': 1.0}
63,334,{'weight': 1.0}
63,272,{'weight': 1.0}
63,276,{'weight': 1.0}
63,89,{'weight': 1.0}
64,294,{'weight': 1.0}
64,214,{'weight': 1.0}
64,78,{'weight': 1.0}
64,223,{'weight': 1.0}
65,320,{'weight': 1.0}
65,305,{'weight': 1.0}
65,130,{'weight': 1.0}
65,83,{'weight': 1.0}
65,69,{'weight': 1.0}
65,310,{'weight': 1.0}
65,185,{'weight': 1.0}
65,403,{'weight': 1.0}
65,220,{'weight': 1.0}
65,226,{'weight': 1.0}
65,303,{'weight': 1.0}
66,327,{'weight': 1.0}
66,270,{'weight': 1.0}
66,147,{'weight': 1.0}
66,277,{'weight': 1.0}
66,216,{'weight': 1.0}
66,153,{'weight': 1.0}
66,221,{'weight': 1.0}
66,161,{'weight': 1.0}
66,227,{'weight': 1.0}
66,356,{'weight': 1.0}
66,369,{'weight': 1.0}
66,169,{'weight': 1.0}
66,93,{'weight': 1.0}
66,353,{'weight': 1.0}
66,304,{'weight': 1.0}
66,177,{'weight': 1.0}
66,371,{'weight': 1.0}
66,120,{'weight': 1.0}
66,254,{'weight': 1.0}
66,191,{'weight': 1.0}
67,98,{'weight': 1.0}
67,355,{'weight': 1.0}
67,105,{'weight': 1.0}
67,301,{'weight': 1.0}
67,231,{'weight': 1.0}
67,366,{'weight': 1.0}
67,175,{'weight': 1.0}
67,112,{'weight': 1.0}
67,211,{'weight': 1.0}
67,116,{'weight': 1.0}
67,117,{'weight': 1.0}
67,374,{'weight': 1.0}
67,217,{'weight': 1.0}
67,335,{'weight': 1.0}
68,97,{'weight': 1.0}
68,242,{'weight': 1.0}
68,283,{'weight': 1.0}
68,101,{'weight': 1.0}
68,168,{'weight': 1.0}
68,233,{'weight': 1.0}
68,314,{'weight': 1.0}
68,219,{'weight': 1.0}
68,216,{'weight': 1.0}
68,364,{'weight': 1.0}
68,277,{'weight': 1.0}
69,152,{'weight': 1.0}
69,315,{'weight': 1.0}
69,320,{'weight': 1.0}
70,240,{'weight': 1.0}
70,131,{'weight': 1.0}
70,228,{'weight': 1.0}
70,156,{'weight': 1.0}
70,325,{'weight': 1.0}
71,107,{'weight': 1.0}
71,355,{'weight': 1.0}
71,229,{'weight': 1.0}
71,243,{'weight': 1.0}
71,105,{'weight': 1.0}
71,366,{'weight': 1.0}
71,331,{'weight': 1.0}
71,211,{'weight': 1.0}
71,117,{'weight': 1.0}
71,253,{'weight': 1.0}
71,351,{'weight': 1.0}
72,360,{'weight': 1.0}
72,101,{'weight': 1.0}
72,369,{'weight': 1.0}
72,340,{'weight': 1.0}
72,291,{'weight': 1.0}
72,371,{'weight': 1.0}
72,173,{'weight': 1.0}
72,207,{'weight': 1.0}
72,144,{'weight': 1.0}
72,273,{'weight': 1.0}
72,274,{'weight': 1.0}
72,277,{'weight': 1.0}
72,216,{'weight': 1.0}
72,313,{'weight': 1.0}
72,250,{'weight': 1.0}
72,314,{'weight': 1.0}
73,192,{'weight': 1.0}
73,290,{'weight': 1.0}
73,406,{'weight': 1.0}
73,135,{'weight': 1.0}
73,200,{'weight': 1.0}
73,361,{'weight': 1.0}
73,234,{'weight': 1.0}
73,269,{'weight': 1.0}
73,238,{'weight': 1.0}
73,115,{'weight': 1.0}
73,148,{'weight': 1.0}
73,181,{'weight': 1.0}
73,342,{'weight': 1.0}
73,409,{'weight': 1.0}
73,281,{'weight': 1.0}
73,282,{'weight': 1.0}
73,379,{'weight': 1.0}
73,285,{'weight': 1.0}
74,409,{'weight': 1.0}
74,269,{'weight': 1.0}
74,147,{'weight': 1.0}
74,148,{'weight': 1.0}
74,342,{'weight': 1.0}
74,215,{'weight': 1.0}
74,281,{'weight': 1.0}
74,282,{'weight': 1.0}
74,285,{'weight': 1.0}
74,290,{'weight': 1.0}
74,103,{'weight': 1.0}
74,361,{'weight': 1.0}
74,234,{'weight': 1.0}
74,365,{'weight': 1.0}
74,238,{'weight': 1.0}
74,303,{'weight': 1.0}
74,305,{'weight': 1.0}
74,115,{'weight': 1.0}
74,181,{'weight': 1.0}
74,379,{'weight': 1.0}
75,324,{'weight': 1.0}
75,197,{'weight': 1.0}
75,392,{'weight': 1.0}
75,203,{'weight': 1.0}
75,259,{'weight': 1.0}
75,301,{'weight': 1.0}
75,335,{'weight': 1.0}
75,378,{'weight': 1.0}
75,158,{'weight': 1.0}
75,289,{'weight': 1.0}
75,98,{'weight': 1.0}
75,355,{'weight': 1.0}
75,165,{'weight': 1.0}
75,405,{'weight': 1.0}
75,106,{'weight': 1.0}
75,303,{'weight': 1.0}
75,112,{'weight': 1.0}
75,309,{'weight': 1.0}
75,186,{'weight': 1.0}
75,251,{'weight': 1.0}
75,380,{'weight': 1.0}
75,382,{'weight': 1.0}
75,373,{'weight': 1.0}
76,235,{'weight': 1.0}
76,293,{'weight': 1.0}
76,102,{'weight': 1.0}
76,171,{'weight': 1.0}
76,316,{'weight': 1.0}
76,381,{'weight': 1.0}
76,85,{'weight': 1.0}
77,96,{'weight': 1.0}
77,195,{'weight': 1.0}
77,357,{'weight': 1.0}
77,104,{'weight': 1.0}
77,332,{'weight': 1.0}
77,172,{'weight': 1.0}
77,143,{'weight': 1.0}
77,368,{'weight': 1.0}
77,232,{'weight': 1.0}
77,84,{'weight': 1.0}
77,341,{'weight': 1.0}
77,363,{'weight': 1.0}
77,348,{'weight': 1.0}
77,317,{'weight': 1.0}
78,123,{'weight': 1.0}
78,297,{'weight': 1.0}
78,333,{'weight': 1.0}
78,208,{'weight': 1.0}
78,210,{'weight': 1.0}
78,275,{'weight': 1.0}
78,118,{'weight': 1.0}
78,377,{'weight': 1.0}
78,155,{'weight': 1.0}
78,223,{'weight': 1.0}
79,136,{'weight': 1.0}
79,378,{'weight': 1.0}
79,405,{'weight': 1.0}
79,88,{'weight': 1.0}
79,201,{'weight': 1.0}
79,106,{'weight': 1.0}
79,122,{'weight': 1.0}
79,351,{'weight': 1.0}
80,97,{'weight': 1.0}
80,194,{'weight': 1.0}
80,139,{'weight': 1.0}
80,173,{'weight': 1.0}
80,110,{'weight': 1.0}
80,144,{'weight': 1.0}
80,274,{'weight': 1.0}
80,83,{'weight': 1.0}
80,277,{'weight': 1.0}
80,250,{'weight': 1.0}
80,221,{'weight': 1.0}
80,319,{'weight': 1.0}
81,165,{'weight': 1.0}
81,389,{'weight': 1.0}
81,242,{'weight': 1.0}
81,211,{'weight': 1.0}
81,158,{'weight': 1.0}
81,278,{'weight': 1.0}
81,88,{'weight': 1.0}
81,383,{'weight': 1.0}
81,382,{'weight': 1.0}
81,309,{'weight': 1.0}
82,156,{'weight': 1.0}
82,239,{'weight': 1.0}
82,111,{'weight': 1.0}
82,336,{'weight': 1.0}
82,307,{'weight': 1.0}
82,149,{'weight': 1.0}
82,219,{'weight': 1.0}
82,284,{'weight': 1.0}
82,357,{'weight': 1.0}
83,226,{'weight': 1.0}
83,103,{'weight': 1.0}
83,290,{'weight': 1.0}
83,130,{'weight': 1.0}
83,303,{'weight': 1.0}
83,305,{'weight': 1.0}
83,114,{'weight': 1.0}
83,403,{'weight': 1.0}
83,365,{'weight': 1.0}
83,281,{'weight': 1.0}
83,185,{'weight': 1.0}
83,379,{'weight': 1.0}
83,220,{'weight': 1.0}
83,285,{'weight': 1.0}
83,94,{'weight': 1.0}
84,96,{'weight': 1.0}
84,224,{'weight': 1.0}
84,232,{'weight': 1.0}
84,138,{'weight': 1.0}
84,363,{'weight': 1.0}
84,172,{'weight': 1.0}
84,206,{'weight': 1.0}
84,368,{'weight': 1.0}
84,104,{'weight': 1.0}
84,341,{'weight': 1.0}
84,317,{'weight': 1.0}
85,240,{'weight': 1.0}
85,210,{'weight': 1.0}
85,102,{'weight': 1.0}
85,316,{'weight': 1.0}
85,381,{'weight': 1.0}
85,95,{'weight': 1.0}
86,256,{'weight': 1.0}
86,156,{'weight': 1.0}
86,390,{'weight': 1.0}
87,258,{'weight': 1.0}
87,356,{'weight': 1.0}
87,134,{'weight': 1.0}
87,230,{'weight': 1.0}
87,281,{'weight': 1.0}
87,274,{'weight': 1.0}
87,221,{'weight': 1.0}
87,111,{'weight': 1.0}
88,383,{'weight': 1.0}
88,132,{'weight': 1.0}
88,328,{'weight': 1.0}
88,329,{'weight': 1.0}
88,398,{'weight': 1.0}
88,303,{'weight': 1.0}
88,211,{'weight': 1.0}
88,278,{'weight': 1.0}
88,151,{'weight': 1.0}
88,324,{'weight': 1.0}
88,382,{'weight': 1.0}
88,255,{'weight': 1.0}
89,257,{'weight': 1.0}
89,131,{'weight': 1.0}
89,395,{'weight': 1.0}
89,334,{'weight': 1.0}
89,272,{'weight': 1.0}
89,401,{'weight': 1.0}
89,276,{'weight': 1.0}
89,149,{'weight': 1.0}
89,348,{'weight': 1.0}
89,286,{'weight': 1.0}
89,224,{'weight': 1.0}
89,162,{'weight': 1.0}
89,360,{'weight': 1.0}
89,125,{'weight': 1.0}
89,376,{'weight': 1.0}
89,317,{'weight': 1.0}
89,318,{'weight': 1.0}
90,129,{'weight': 1.0}
90,131,{'weight': 1.0}
90,391,{'weight': 1.0}
90,265,{'weight': 1.0}
90,139,{'weight': 1.0}
90,204,{'weight': 1.0}
90,209,{'weight': 1.0}
90,387,{'weight': 1.0}
90,407,{'weight': 1.0}
90,216,{'weight': 1.0}
90,347,{'weight': 1.0}
90,156,{'weight': 1.0}
90,287,{'weight': 1.0}
90,101,{'weight': 1.0}
90,230,{'weight': 1.0}
90,299,{'weight': 1.0}
90,110,{'weight': 1.0}
90,113,{'weight': 1.0}
90,119,{'weight': 1.0}
90,184,{'weight': 1.0}
90,313,{'weight': 1.0}
90,124,{'weight': 1.0}
91,384,{'weight': 1.0}
91,156,{'weight': 1.0}
91,377,{'weight': 1.0}
91,332,{'weight': 1.0}
91,386,{'weight': 1.0}
91,402,{'weight': 1.0}
91,261,{'weight': 1.0}
92,352,{'weight': 1.0}
92,284,{'weight': 1.0}
92,190,{'weight': 1.0}
92,271,{'weight': 1.0}
93,321,{'weight': 1.0}
93,396,{'weight': 1.0}
93,270,{'weight': 1.0}
93,274,{'weight': 1.0}
93,147,{'weight': 1.0}
93,277,{'weight': 1.0}
93,216,{'weight': 1.0}
93,153,{'weight': 1.0}
93,156,{'weight': 1.0}
93,221,{'weight': 1.0}
93,353,{'weight': 1.0}
93,227,{'weight': 1.0}
93,356,{'weight': 1.0}
93,369,{'weight': 1.0}
93,169,{'weight': 1.0}
93,237,{'weight': 1.0}
93,177,{'weight': 1.0}
93,180,{'weight': 1.0}
93,183,{'weight': 1.0}
93,120,{'weight': 1.0}
93,319,{'weight': 1.0}
93,254,{'weight': 1.0}
93,191,{'weight': 1.0}
94,371,{'weight': 1.0}
94,185,{'weight': 1.0}
94,148,{'weight': 1.0}
95,311,{'weight': 1.0}
95,213,{'weight': 1.0}
95,362,{'weight': 1.0}
96,131,{'weight': 1.0}
96,292,{'weight': 1.0}
96,104,{'weight': 1.0}
96,363,{'weight': 1.0}
96,172,{'weight': 1.0}
96,143,{'weight': 1.0}
96,195,{'weight': 1.0}
96,317,{'weight': 1.0}
96,156,{'weight': 1.0}
96,341,{'weight': 1.0}
97,144,{'weight': 1.0}
97,194,{'weight': 1.0}
97,360,{'weight': 1.0}
97,233,{'weight': 1.0}
97,277,{'weight': 1.0}
97,215,{'weight': 1.0}
97,313,{'weight': 1.0}
97,250,{'weight': 1.0}
97,346,{'weight': 1.0}
98,164,{'weight': 1.0}
98,358,{'weight': 1.0}
98,231,{'weight': 1.0}
98,136,{'weight': 1.0}
98,303,{'weight': 1.0}
98,203,{'weight': 1.0}
98,241,{'weight': 1.0}
98,335,{'weight': 1.0}
98,243,{'weight': 1.0}
98,150,{'weight': 1.0}
98,355,{'weight': 1.0}
98,217,{'weight': 1.0}
98,175,{'weight': 1.0}
99,293,{'weight': 1.0}
99,325,{'weight': 1.0}
99,235,{'weight': 1.0}
99,240,{'weight': 1.0}
99,178,{'weight': 1.0}
99,339,{'weight': 1.0}
99,372,{'weight': 1.0}
99,213,{'weight': 1.0}
99,311,{'weight': 1.0}
99,248,{'weight': 1.0}
99,187,{'weight': 1.0}
99,390,{'weight': 1.0}
99,286,{'weight': 1.0}
100,140,{'weight': 1.0}
100,302,{'weight': 1.0}
100,230,{'weight': 1.0}
101,227,{'weight': 1.0}
101,168,{'weight': 1.0}
101,233,{'weight': 1.0}
101,364,{'weight': 1.0}
101,244,{'weight': 1.0}
101,277,{'weight': 1.0}
101,283,{'weight': 1.0}
101,219,{'weight': 1.0}
101,314,{'weight': 1.0}
102,178,{'weight': 1.0}
102,235,{'weight': 1.0}
102,316,{'weight': 1.0}
102,381,{'weight': 1.0}
103,199,{'weight': 1.0}
103,200,{'weight': 1.0}
103,148,{'weight': 1.0}
103,342,{'weight': 1.0}
103,215,{'weight': 1.0}
103,409,{'weight': 1.0}
103,282,{'weight': 1.0}
103,285,{'weight': 1.0}
103,222,{'weight': 1.0}
103,225,{'weight': 1.0}
103,290,{'weight': 1.0}
103,350,{'weight': 1.0}
103,361,{'weight': 1.0}
103,365,{'weight': 1.0}
103,238,{'weight': 1.0}
103,303,{'weight': 1.0}
103,115,{'weight': 1.0}
103,181,{'weight': 1.0}
103,182,{'weight': 1.0}
103,185,{'weight': 1.0}
103,379,{'weight': 1.0}
104,224,{'weight': 1.0}
104,195,{'weight': 1.0}
104,292,{'weight': 1.0}
104,232,{'weight': 1.0}
104,332,{'weight': 1.0}
104,172,{'weight': 1.0}
104,143,{'weight': 1.0}
104,368,{'weight': 1.0}
104,179,{'weight': 1.0}
104,317,{'weight': 1.0}
104,154,{'weight': 1.0}
104,284,{'weight': 1.0}
104,341,{'weight': 1.0}
105,288,{'weight': 1.0}
105,229,{'weight': 1.0}
105,211,{'weight': 1.0}
105,107,{'weight': 1.0}
105,366,{'weight': 1.0}
105,175,{'weight': 1.0}
105,112,{'weight': 1.0}
105,358,{'weight': 1.0}
105,243,{'weight': 1.0}
105,117,{'weight': 1.0}
105,374,{'weight': 1.0}
105,247,{'weight': 1.0}
105,344,{'weight': 1.0}
105,217,{'weight': 1.0}
105,331,{'weight': 1.0}
105,367,{'weight': 1.0}
105,253,{'weight': 1.0}
105,355,{'weight': 1.0}
106,289,{'weight': 1.0}
106,197,{'weight': 1.0}
106,392,{'weight': 1.0}
106,301,{'weight': 1.0}
106,303,{'weight': 1.0}
106,309,{'weight': 1.0}
106,378,{'weight': 1.0}
106,251,{'weight': 1.0}
106,380,{'weight': 1.0}
106,186,{'weight': 1.0}
106,158,{'weight': 1.0}
106,383,{'weight': 1.0}
107,393,{'weight': 1.0}
107,355,{'weight': 1.0}
107,229,{'weight': 1.0}
107,331,{'weight': 1.0}
107,252,{'weight': 1.0}
107,351,{'weight': 1.0}
108,240,{'weight': 1.0}
108,339,{'weight': 1.0}
108,235,{'weight': 1.0}
108,397,{'weight': 1.0}
108,138,{'weight': 1.0}
108,171,{'weight': 1.0}
108,156,{'weight': 1.0}
108,317,{'weight': 1.0}
108,286,{'weight': 1.0}
108,127,{'weight': 1.0}
109,196,{'weight': 1.0}
109,235,{'weight': 1.0}
109,244,{'weight': 1.0}
109,171,{'weight': 1.0}
109,306,{'weight': 1.0}
109,261,{'weight': 1.0}
110,322,{'weight': 1.0}
110,260,{'weight': 1.0}
110,391,{'weight': 1.0}
110,265,{'weight': 1.0}
110,209,{'weight': 1.0}
110,146,{'weight': 1.0}
110,212,{'weight': 1.0}
110,407,{'weight': 1.0}
110,156,{'weight': 1.0}
110,287,{'weight': 1.0}
110,230,{'weight': 1.0}
110,167,{'weight': 1.0}
110,124,{'weight': 1.0}
110,236,{'weight': 1.0}
110,176,{'weight': 1.0}
110,113,{'weight': 1.0}
110,179,{'weight': 1.0}
110,119,{'weight': 1.0}
110,313,{'weight': 1.0}
110,188,{'weight': 1.0}
111,356,{'weight': 1.0}
111,168,{'weight': 1.0}
111,291,{'weight': 1.0}
111,338,{'weight': 1.0}
111,242,{'weight': 1.0}
112,303,{'weight': 1.0}
112,343,{'weight': 1.0}
112,117,{'weight': 1.0}
112,198,{'weight': 1.0}
112,243,{'weight': 1.0}
112,301,{'weight': 1.0}
113,336,{'weight': 1.0}
113,407,{'weight': 1.0}
113,230,{'weight': 1.0}
113,369,{'weight': 1.0}
113,332,{'weight': 1.0}
113,139,{'weight': 1.0}
113,204,{'weight': 1.0}
113,216,{'weight': 1.0}
113,304,{'weight': 1.0}
113,209,{'weight': 1.0}
113,347,{'weight': 1.0}
113,313,{'weight': 1.0}
113,184,{'weight': 1.0}
113,299,{'weight': 1.0}
113,124,{'weight': 1.0}
114,193,{'weight': 1.0}
114,130,{'weight': 1.0}
114,310,{'weight': 1.0}
114,185,{'weight': 1.0}
114,315,{'weight': 1.0}
114,220,{'weight': 1.0}
114,226,{'weight': 1.0}
114,142,{'weight': 1.0}
115,354,{'weight': 1.0}
115,199,{'weight': 1.0}
115,200,{'weight': 1.0}
115,396,{'weight': 1.0}
115,269,{'weight': 1.0}
115,147,{'weight': 1.0}
115,148,{'weight': 1.0}
115,342,{'weight': 1.0}
115,409,{'weight': 1.0}
115,281,{'weight': 1.0}
115,282,{'weight': 1.0}
115,220,{'weight': 1.0}
115,157,{'weight': 1.0}
115,225,{'weight': 1.0}
115,226,{'weight': 1.0}
115,361,{'weight': 1.0}
115,234,{'weight': 1.0}
115,365,{'weight': 1.0}
115,238,{'weight': 1.0}
115,285,{'weight': 1.0}
115,181,{'weight': 1.0}
115,290,{'weight': 1.0}
115,379,{'weight': 1.0}
116,374,{'weight': 1.0}
116,366,{'weight': 1.0}
116,211,{'weight': 1.0}
117,132,{'weight': 1.0}
117,211,{'weight': 1.0}
117,301,{'weight': 1.0}
117,367,{'weight': 1.0}
117,163,{'weight': 1.0}
117,243,{'weight': 1.0}
117,374,{'weight': 1.0}
117,247,{'weight': 1.0}
117,331,{'weight': 1.0}
117,253,{'weight': 1.0}
117,329,{'weight': 1.0}
118,208,{'weight': 1.0}
118,210,{'weight': 1.0}
118,155,{'weight': 1.0}
118,156,{'weight': 1.0}
119,129,{'weight': 1.0}
119,258,{'weight': 1.0}
119,260,{'weight': 1.0}
119,265,{'weight': 1.0}
119,322,{'weight': 1.0}
119,209,{'weight': 1.0}
119,212,{'weight': 1.0}
119,156,{'weight': 1.0}
119,287,{'weight': 1.0}
119,167,{'weight': 1.0}
119,299,{'weight': 1.0}
119,236,{'weight': 1.0}
119,176,{'weight': 1.0}
119,179,{'weight': 1.0}
119,184,{'weight': 1.0}
119,313,{'weight': 1.0}
120,327,{'weight': 1.0}
120,207,{'weight': 1.0}
120,338,{'weight': 1.0}
120,147,{'weight': 1.0}
120,277,{'weight': 1.0}
120,153,{'weight': 1.0}
120,221,{'weight': 1.0}
120,227,{'weight': 1.0}
120,356,{'weight': 1.0}
120,369,{'weight': 1.0}
120,169,{'weight': 1.0}
120,237,{'weight': 1.0}
120,353,{'weight': 1.0}
120,177,{'weight': 1.0}
120,371,{'weight': 1.0}
120,180,{'weight': 1.0}
120,183,{'weight': 1.0}
120,254,{'weight': 1.0}
120,191,{'weight': 1.0}
121,160,{'weight': 1.0}
121,225,{'weight': 1.0}
121,242,{'weight': 1.0}
121,147,{'weight': 1.0}
121,326,{'weight': 1.0}
121,273,{'weight': 1.0}
121,409,{'weight': 1.0}
121,354,{'weight': 1.0}
121,285,{'weight': 1.0}
121,375,{'weight': 1.0}
122,328,{'weight': 1.0}
122,296,{'weight': 1.0}
122,324,{'weight': 1.0}
122,405,{'weight': 1.0}
122,136,{'weight': 1.0}
122,267,{'weight': 1.0}
123,297,{'weight': 1.0}
123,275,{'weight': 1.0}
123,372,{'weight': 1.0}
123,377,{'weight': 1.0}
123,155,{'weight': 1.0}
123,349,{'weight': 1.0}
123,223,{'weight': 1.0}
124,129,{'weight': 1.0}
124,387,{'weight': 1.0}
124,204,{'weight': 1.0}
124,139,{'weight': 1.0}
124,332,{'weight': 1.0}
124,336,{'weight': 1.0}
124,209,{'weight': 1.0}
124,407,{'weight': 1.0}
124,347,{'weight': 1.0}
124,230,{'weight': 1.0}
124,299,{'weight': 1.0}
124,304,{'weight': 1.0}
124,313,{'weight': 1.0}
124,188,{'weight': 1.0}
125,224,{'weight': 1.0}
125,162,{'weight': 1.0}
125,295,{'weight': 1.0}
125,334,{'weight': 1.0}
125,271,{'weight': 1.0}
125,376,{'weight': 1.0}
125,276,{'weight': 1.0}
125,348,{'weight': 1.0}
125,154,{'weight': 1.0}
125,317,{'weight': 1.0}
126,338,{'weight': 1.0}
126,375,{'weight': 1.0}
126,409,{'weight': 1.0}
126,219,{'weight': 1.0}
126,365,{'weight': 1.0}
126,174,{'weight': 1.0}
127,208,{'weight': 1.0}
127,368,{'weight': 1.0}
127,244,{'weight': 1.0}
127,167,{'weight': 1.0}
127,298,{'weight': 1.0}
127,156,{'weight': 1.0}
127,313,{'weight': 1.0}
127,239,{'weight': 1.0}
128,224,{'weight': 1.0}
128,400,{'weight': 1.0}
128,276,{'weight': 1.0}
128,318,{'weight': 1.0}
129,299,{'weight': 1.0}
129,407,{'weight': 1.0}
129,230,{'weight': 1.0}
129,369,{'weight': 1.0}
129,139,{'weight': 1.0}
129,204,{'weight': 1.0}
129,347,{'weight': 1.0}
129,209,{'weight': 1.0}
130,226,{'weight': 1.0}
130,185,{'weight': 1.0}
131,336,{'weight': 1.0}
131,138,{'weight': 1.0}
131,395,{'weight': 1.0}
131,206,{'weight': 1.0}
131,304,{'weight': 1.0}
131,273,{'weight': 1.0}
131,149,{'weight': 1.0}
131,368,{'weight': 1.0}
131,407,{'weight': 1.0}
132,355,{'weight': 1.0}
132,329,{'weight': 1.0}
132,383,{'weight': 1.0}
132,303,{'weight': 1.0}
133,393,{'weight': 1.0}
133,331,{'weight': 1.0}
133,351,{'weight': 1.0}
134,273,{'weight': 1.0}
134,274,{'weight': 1.0}
134,360,{'weight': 1.0}
134,216,{'weight': 1.0}
135,337,{'weight': 1.0}
135,403,{'weight': 1.0}
135,245,{'weight': 1.0}
135,359,{'weight': 1.0}
135,141,{'weight': 1.0}
136,203,{'weight': 1.0}
136,324,{'weight': 1.0}
136,328,{'weight': 1.0}
136,201,{'weight': 1.0}
136,267,{'weight': 1.0}
136,301,{'weight': 1.0}
136,398,{'weight': 1.0}
136,241,{'weight': 1.0}
136,405,{'weight': 1.0}
136,150,{'weight': 1.0}
136,329,{'weight': 1.0}
136,217,{'weight': 1.0}
136,303,{'weight': 1.0}
136,380,{'weight': 1.0}
136,378,{'weight': 1.0}
136,345,{'weight': 1.0}
137,253,{'weight': 1.0}
138,240,{'weight': 1.0}
138,261,{'weight': 1.0}
138,311,{'weight': 1.0}
138,397,{'weight': 1.0}
138,317,{'weight': 1.0}
138,235,{'weight': 1.0}
139,347,{'weight': 1.0}
139,230,{'weight': 1.0}
139,299,{'weight': 1.0}
139,204,{'weight': 1.0}
139,216,{'weight': 1.0}
139,387,{'weight': 1.0}
139,407,{'weight': 1.0}
139,184,{'weight': 1.0}
139,332,{'weight': 1.0}
139,156,{'weight': 1.0}
139,250,{'weight': 1.0}
140,302,{'weight': 1.0}
140,230,{'weight': 1.0}
141,273,{'weight': 1.0}
141,337,{'weight': 1.0}
141,245,{'weight': 1.0}
141,404,{'weight': 1.0}
141,142,{'weight': 1.0}
142,193,{'weight': 1.0}
142,245,{'weight': 1.0}
142,225,{'weight': 1.0}
142,217,{'weight': 1.0}
142,337,{'weight': 1.0}
142,159,{'weight': 1.0}
143,195,{'weight': 1.0}
143,325,{'weight': 1.0}
143,260,{'weight': 1.0}
143,292,{'weight': 1.0}
143,317,{'weight': 1.0}
143,363,{'weight': 1.0}
143,172,{'weight': 1.0}
143,205,{'weight': 1.0}
143,336,{'weight': 1.0}
143,401,{'weight': 1.0}
143,149,{'weight': 1.0}
143,341,{'weight': 1.0}
144,194,{'weight': 1.0}
144,250,{'weight': 1.0}
144,156,{'weight': 1.0}
145,256,{'weight': 1.0}
145,384,{'weight': 1.0}
145,261,{'weight': 1.0}
146,322,{'weight': 1.0}
146,260,{'weight': 1.0}
146,167,{'weight': 1.0}
146,265,{'weight': 1.0}
146,391,{'weight': 1.0}
146,236,{'weight': 1.0}
146,176,{'weight': 1.0}
146,209,{'weight': 1.0}
146,179,{'weight': 1.0}
146,212,{'weight': 1.0}
146,313,{'weight': 1.0}
146,188,{'weight': 1.0}
146,287,{'weight': 1.0}
147,192,{'weight': 1.0}
147,323,{'weight': 1.0}
147,225,{'weight': 1.0}
147,379,{'weight': 1.0}
147,204,{'weight': 1.0}
147,269,{'weight': 1.0}
147,270,{'weight': 1.0}
147,375,{'weight': 1.0}
147,274,{'weight': 1.0}
147,148,{'weight': 1.0}
147,215,{'weight': 1.0}
147,281,{'weight': 1.0}
147,346,{'weight': 1.0}
147,221,{'weight': 1.0}
147,222,{'weight': 1.0}
147,409,{'weight': 1.0}
147,161,{'weight': 1.0}
147,290,{'weight': 1.0}
147,227,{'weight': 1.0}
147,356,{'weight': 1.0}
147,371,{'weight': 1.0}
147,360,{'weight': 1.0}
147,169,{'weight': 1.0}
147,327,{'weight': 1.0}
147,353,{'weight': 1.0}
147,365,{'weight': 1.0}
147,177,{'weight': 1.0}
147,285,{'weight': 1.0}
147,254,{'weight': 1.0}
147,183,{'weight': 1.0}
147,319,{'weight': 1.0}
147,191,{'weight': 1.0}
148,199,{'weight': 1.0}
148,200,{'weight': 1.0}
148,371,{'weight': 1.0}
148,342,{'weight': 1.0}
148,409,{'weight': 1.0}
148,281,{'weight': 1.0}
148,282,{'weight': 1.0}
148,285,{'weight': 1.0}
148,225,{'weight': 1.0}
148,290,{'weight': 1.0}
148,361,{'weight': 1.0}
148,234,{'weight': 1.0}
148,365,{'weight': 1.0}
148,238,{'weight': 1.0}
148,303,{'weight': 1.0}
148,181,{'weight': 1.0}
148,379,{'weight': 1.0}
149,257,{'weight': 1.0}
149,228,{'weight': 1.0}
149,262,{'weight': 1.0}
149,395,{'weight': 1.0}
149,336,{'weight': 1.0}
149,273,{'weight': 1.0}
149,213,{'weight': 1.0}
149,407,{'weight': 1.0}
149,284,{'weight': 1.0}
149,357,{'weight': 1.0}
149,156,{'weight': 1.0}
149,363,{'weight': 1.0}
149,172,{'weight': 1.0}
149,239,{'weight': 1.0}
149,304,{'weight': 1.0}
149,317,{'weight': 1.0}
150,241,{'weight': 1.0}
150,203,{'weight': 1.0}
150,164,{'weight': 1.0}
150,358,{'weight': 1.0}
150,231,{'weight': 1.0}
150,217,{'weight': 1.0}
150,335,{'weight': 1.0}
150,175,{'weight': 1.0}
151,259,{'weight': 1.0}
151,201,{'weight': 1.0}
151,398,{'weight': 1.0}
151,303,{'weight': 1.0}
151,373,{'weight': 1.0}
151,281,{'weight': 1.0}
151,383,{'weight': 1.0}
151,252,{'weight': 1.0}
151,255,{'weight': 1.0}
152,320,{'weight': 1.0}
152,315,{'weight': 1.0}
153,353,{'weight': 1.0}
153,227,{'weight': 1.0}
153,356,{'weight': 1.0}
153,169,{'weight': 1.0}
153,207,{'weight': 1.0}
153,177,{'weight': 1.0}
153,270,{'weight': 1.0}
153,371,{'weight': 1.0}
153,254,{'weight': 1.0}
153,216,{'weight': 1.0}
153,221,{'weight': 1.0}
153,191,{'weight': 1.0}
154,224,{'weight': 1.0}
154,162,{'weight': 1.0}
154,295,{'weight': 1.0}
154,334,{'weight': 1.0}
154,376,{'weight': 1.0}
154,276,{'weight': 1.0}
154,348,{'weight': 1.0}
155,297,{'weight': 1.0}
155,386,{'weight': 1.0}
155,275,{'weight': 1.0}
155,214,{'weight': 1.0}
155,279,{'weight': 1.0}
155,377,{'weight': 1.0}
155,223,{'weight': 1.0}
156,390,{'weight': 1.0}
156,372,{'weight': 1.0}
156,397,{'weight': 1.0}
156,273,{'weight': 1.0}
156,279,{'weight': 1.0}
156,286,{'weight': 1.0}
156,287,{'weight': 1.0}
156,178,{'weight': 1.0}
156,180,{'weight': 1.0}
156,311,{'weight': 1.0}
156,184,{'weight': 1.0}
156,308,{'weight': 1.0}
156,190,{'weight': 1.0}
156,352,{'weight': 1.0}
156,332,{'weight': 1.0}
156,204,{'weight': 1.0}
156,205,{'weight': 1.0}
156,206,{'weight': 1.0}
156,208,{'weight': 1.0}
156,213,{'weight': 1.0}
156,293,{'weight': 1.0}
156,235,{'weight': 1.0}
156,239,{'weight': 1.0}
156,244,{'weight': 1.0}
156,248,{'weight': 1.0}
157,330,{'weight': 1.0}
157,245,{'weight': 1.0}
158,289,{'weight': 1.0}
158,324,{'weight': 1.0}
158,197,{'weight': 1.0}
158,231,{'weight': 1.0}
158,392,{'weight': 1.0}
158,201,{'weight': 1.0}
158,301,{'weight': 1.0}
158,309,{'weight': 1.0}
158,303,{'weight': 1.0}
158,380,{'weight': 1.0}
158,186,{'weight': 1.0}
158,251,{'weight': 1.0}
158,252,{'weight': 1.0}
158,378,{'weight': 1.0}
159,193,{'weight': 1.0}
159,217,{'weight': 1.0}
160,354,{'weight': 1.0}
160,326,{'weight': 1.0}
160,273,{'weight': 1.0}
161,258,{'weight': 1.0}
161,194,{'weight': 1.0}
161,270,{'weight': 1.0}
161,207,{'weight': 1.0}
161,277,{'weight': 1.0}
161,216,{'weight': 1.0}
161,221,{'weight': 1.0}
161,287,{'weight': 1.0}
161,356,{'weight': 1.0}
161,369,{'weight': 1.0}
161,327,{'weight': 1.0}
161,173,{'weight': 1.0}
161,177,{'weight': 1.0}
161,371,{'weight': 1.0}
161,183,{'weight': 1.0}
161,254,{'weight': 1.0}
161,319,{'weight': 1.0}
162,397,{'weight': 1.0}
162,334,{'weight': 1.0}
162,336,{'weight': 1.0}
162,276,{'weight': 1.0}
162,348,{'weight': 1.0}
162,224,{'weight': 1.0}
162,272,{'weight': 1.0}
162,360,{'weight': 1.0}
162,235,{'weight': 1.0}
162,376,{'weight': 1.0}
162,187,{'weight': 1.0}
162,317,{'weight': 1.0}
162,318,{'weight': 1.0}
163,393,{'weight': 1.0}
163,253,{'weight': 1.0}
164,355,{'weight': 1.0}
164,358,{'weight': 1.0}
164,231,{'weight': 1.0}
164,203,{'weight': 1.0}
164,175,{'weight': 1.0}
164,335,{'weight': 1.0}
164,241,{'weight': 1.0}
164,217,{'weight': 1.0}
165,324,{'weight': 1.0}
165,389,{'weight': 1.0}
165,201,{'weight': 1.0}
165,242,{'weight': 1.0}
165,309,{'weight': 1.0}
165,217,{'weight': 1.0}
165,252,{'weight': 1.0}
165,382,{'weight': 1.0}
166,408,{'weight': 1.0}
166,210,{'weight': 1.0}
166,306,{'weight': 1.0}
166,213,{'weight': 1.0}
166,261,{'weight': 1.0}
167,322,{'weight': 1.0}
167,260,{'weight': 1.0}
167,391,{'weight': 1.0}
167,265,{'weight': 1.0}
167,236,{'weight': 1.0}
167,176,{'weight': 1.0}
167,209,{'weight': 1.0}
167,179,{'weight': 1.0}
167,212,{'weight': 1.0}
167,313,{'weight': 1.0}
167,287,{'weight': 1.0}
167,188,{'weight': 1.0}
168,219,{'weight': 1.0}
168,233,{'weight': 1.0}
168,364,{'weight': 1.0}
168,274,{'weight': 1.0}
168,242,{'weight': 1.0}
168,375,{'weight': 1.0}
168,314,{'weight': 1.0}
168,283,{'weight': 1.0}
169,177,{'weight': 1.0}
169,356,{'weight': 1.0}
169,353,{'weight': 1.0}
169,254,{'weight': 1.0}
169,191,{'weight': 1.0}
170,306,{'weight': 1.0}
170,300,{'weight': 1.0}
171,196,{'weight': 1.0}
171,261,{'weight': 1.0}
171,311,{'weight': 1.0}
171,240,{'weight': 1.0}
171,306,{'weight': 1.0}
171,279,{'weight': 1.0}
171,228,{'weight': 1.0}
171,286,{'weight': 1.0}
171,325,{'weight': 1.0}
172,352,{'weight': 1.0}
172,258,{'weight': 1.0}
172,334,{'weight': 1.0}
172,336,{'weight': 1.0}
172,284,{'weight': 1.0}
172,292,{'weight': 1.0}
172,232,{'weight': 1.0}
172,363,{'weight': 1.0}
172,239,{'weight': 1.0}
172,250,{'weight': 1.0}
172,317,{'weight': 1.0}
172,341,{'weight': 1.0}
173,291,{'weight': 1.0}
173,369,{'weight': 1.0}
173,237,{'weight': 1.0}
173,304,{'weight': 1.0}
173,273,{'weight': 1.0}
173,313,{'weight': 1.0}
173,314,{'weight': 1.0}
173,283,{'weight': 1.0}
175,374,{'weight': 1.0}
175,358,{'weight': 1.0}
175,203,{'weight': 1.0}
175,366,{'weight': 1.0}
175,241,{'weight': 1.0}
175,217,{'weight': 1.0}
175,335,{'weight': 1.0}
175,252,{'weight': 1.0}
175,231,{'weight': 1.0}
176,385,{'weight': 1.0}
176,260,{'weight': 1.0}
176,265,{'weight': 1.0}
176,391,{'weight': 1.0}
176,236,{'weight': 1.0}
176,209,{'weight': 1.0}
176,179,{'weight': 1.0}
176,212,{'weight': 1.0}
176,313,{'weight': 1.0}
177,183,{'weight': 1.0}
177,270,{'weight': 1.0}
177,207,{'weight': 1.0}
177,274,{'weight': 1.0}
177,216,{'weight': 1.0}
177,227,{'weight': 1.0}
177,356,{'weight': 1.0}
177,233,{'weight': 1.0}
177,327,{'weight': 1.0}
177,221,{'weight': 1.0}
177,369,{'weight': 1.0}
177,371,{'weight': 1.0}
177,254,{'weight': 1.0}
177,191,{'weight': 1.0}
178,261,{'weight': 1.0}
178,235,{'weight': 1.0}
178,332,{'weight': 1.0}
178,390,{'weight': 1.0}
178,397,{'weight': 1.0}
178,210,{'weight': 1.0}
178,372,{'weight': 1.0}
178,279,{'weight': 1.0}
178,187,{'weight': 1.0}
178,286,{'weight': 1.0}
178,293,{'weight': 1.0}
179,385,{'weight': 1.0}
179,322,{'weight': 1.0}
179,260,{'weight': 1.0}
179,265,{'weight': 1.0}
179,391,{'weight': 1.0}
179,236,{'weight': 1.0}
179,209,{'weight': 1.0}
179,212,{'weight': 1.0}
179,313,{'weight': 1.0}
179,188,{'weight': 1.0}
180,304,{'weight': 1.0}
180,296,{'weight': 1.0}
180,375,{'weight': 1.0}
180,219,{'weight': 1.0}
180,237,{'weight': 1.0}
181,192,{'weight': 1.0}
181,199,{'weight': 1.0}
181,200,{'weight': 1.0}
181,269,{'weight': 1.0}
181,342,{'weight': 1.0}
181,409,{'weight': 1.0}
181,282,{'weight': 1.0}
181,285,{'weight': 1.0}
181,222,{'weight': 1.0}
181,290,{'weight': 1.0}
181,361,{'weight': 1.0}
181,234,{'weight': 1.0}
181,365,{'weight': 1.0}
181,238,{'weight': 1.0}
181,182,{'weight': 1.0}
181,379,{'weight': 1.0}
182,192,{'weight': 1.0}
182,225,{'weight': 1.0}
182,290,{'weight': 1.0}
182,269,{'weight': 1.0}
182,238,{'weight': 1.0}
182,365,{'weight': 1.0}
182,371,{'weight': 1.0}
182,215,{'weight': 1.0}
182,281,{'weight': 1.0}
182,285,{'weight': 1.0}
182,222,{'weight': 1.0}
182,409,{'weight': 1.0}
183,227,{'weight': 1.0}
183,356,{'weight': 1.0}
183,327,{'weight': 1.0}
183,371,{'weight': 1.0}
183,353,{'weight': 1.0}
183,270,{'weight': 1.0}
183,207,{'weight': 1.0}
183,319,{'weight': 1.0}
183,216,{'weight': 1.0}
183,254,{'weight': 1.0}
183,191,{'weight': 1.0}
184,299,{'weight': 1.0}
184,407,{'weight': 1.0}
184,230,{'weight': 1.0}
184,209,{'weight': 1.0}
184,332,{'weight': 1.0}
184,204,{'weight': 1.0}
184,347,{'weight': 1.0}
184,387,{'weight': 1.0}
184,313,{'weight': 1.0}
185,226,{'weight': 1.0}
185,403,{'weight': 1.0}
185,303,{'weight': 1.0}
185,305,{'weight': 1.0}
185,281,{'weight': 1.0}
185,315,{'weight': 1.0}
185,220,{'weight': 1.0}
185,285,{'weight': 1.0}
186,382,{'weight': 1.0}
186,289,{'weight': 1.0}
186,197,{'weight': 1.0}
186,392,{'weight': 1.0}
186,303,{'weight': 1.0}
186,301,{'weight': 1.0}
186,309,{'weight': 1.0}
186,378,{'weight': 1.0}
186,251,{'weight': 1.0}
186,380,{'weight': 1.0}
186,383,{'weight': 1.0}
187,261,{'weight': 1.0}
187,248,{'weight': 1.0}
187,235,{'weight': 1.0}
187,318,{'weight': 1.0}
188,322,{'weight': 1.0}
188,260,{'weight': 1.0}
188,236,{'weight': 1.0}
188,391,{'weight': 1.0}
188,299,{'weight': 1.0}
188,204,{'weight': 1.0}
188,209,{'weight': 1.0}
188,313,{'weight': 1.0}
188,347,{'weight': 1.0}
188,221,{'weight': 1.0}
188,287,{'weight': 1.0}
189,263,{'weight': 1.0}
190,352,{'weight': 1.0}
190,257,{'weight': 1.0}
190,258,{'weight': 1.0}
190,292,{'weight': 1.0}
190,360,{'weight': 1.0}
190,332,{'weight': 1.0}
190,368,{'weight': 1.0}
190,280,{'weight': 1.0}
190,284,{'weight': 1.0}
190,318,{'weight': 1.0}
191,327,{'weight': 1.0}
191,371,{'weight': 1.0}
191,270,{'weight': 1.0}
191,207,{'weight': 1.0}
191,338,{'weight': 1.0}
191,291,{'weight': 1.0}
191,216,{'weight': 1.0}
191,283,{'weight': 1.0}
191,221,{'weight': 1.0}
191,353,{'weight': 1.0}
191,227,{'weight': 1.0}
191,356,{'weight': 1.0}
191,296,{'weight': 1.0}
191,242,{'weight': 1.0}
191,254,{'weight': 1.0}
191,319,{'weight': 1.0}
192,199,{'weight': 1.0}
192,396,{'weight': 1.0}
192,269,{'weight': 1.0}
192,273,{'weight': 1.0}
192,274,{'weight': 1.0}
192,342,{'weight': 1.0}
192,215,{'weight': 1.0}
192,281,{'weight': 1.0}
192,285,{'weight': 1.0}
192,222,{'weight': 1.0}
192,225,{'weight': 1.0}
192,290,{'weight': 1.0}
192,234,{'weight': 1.0}
192,365,{'weight': 1.0}
192,238,{'weight': 1.0}
192,303,{'weight': 1.0}
192,305,{'weight': 1.0}
192,371,{'weight': 1.0}
192,379,{'weight': 1.0}
192,403,{'weight': 1.0}
192,245,{'weight': 1.0}
193,403,{'weight': 1.0}
193,350,{'weight': 1.0}
193,266,{'weight': 1.0}
193,315,{'weight': 1.0}
194,274,{'weight': 1.0}
194,216,{'weight': 1.0}
194,346,{'weight': 1.0}
194,250,{'weight': 1.0}
195,292,{'weight': 1.0}
195,317,{'weight': 1.0}
196,385,{'weight': 1.0}
196,244,{'weight': 1.0}
196,306,{'weight': 1.0}
196,316,{'weight': 1.0}
197,303,{'weight': 1.0}
197,378,{'weight': 1.0}
197,251,{'weight': 1.0}
197,324,{'weight': 1.0}
197,309,{'weight': 1.0}
197,380,{'weight': 1.0}
197,301,{'weight': 1.0}
198,301,{'weight': 1.0}
198,343,{'weight': 1.0}
199,290,{'weight': 1.0}
199,200,{'weight': 1.0}
199,361,{'weight': 1.0}
199,266,{'weight': 1.0}
199,225,{'weight': 1.0}
199,269,{'weight': 1.0}
199,238,{'weight': 1.0}
199,365,{'weight': 1.0}
199,273,{'weight': 1.0}
199,409,{'weight': 1.0}
199,379,{'weight': 1.0}
199,285,{'weight': 1.0}
200,290,{'weight': 1.0}
200,234,{'weight': 1.0}
200,238,{'weight': 1.0}
200,303,{'weight': 1.0}
200,305,{'weight': 1.0}
200,342,{'weight': 1.0}
200,215,{'weight': 1.0}
200,409,{'weight': 1.0}
200,282,{'weight': 1.0}
200,379,{'weight': 1.0}
200,285,{'weight': 1.0}
200,222,{'weight': 1.0}
200,361,{'weight': 1.0}
201,345,{'weight': 1.0}
202,408,{'weight': 1.0}
203,358,{'weight': 1.0}
203,231,{'weight': 1.0}
203,324,{'weight': 1.0}
203,241,{'weight': 1.0}
203,335,{'weight': 1.0}
203,217,{'weight': 1.0}
204,332,{'weight': 1.0}
204,209,{'weight': 1.0}
204,407,{'weight': 1.0}
204,347,{'weight': 1.0}
204,287,{'weight': 1.0}
204,230,{'weight': 1.0}
204,299,{'weight': 1.0}
204,304,{'weight': 1.0}
204,313,{'weight': 1.0}
205,352,{'weight': 1.0}
205,257,{'weight': 1.0}
205,228,{'weight': 1.0}
205,325,{'weight': 1.0}
205,360,{'weight': 1.0}
205,332,{'weight': 1.0}
205,239,{'weight': 1.0}
205,368,{'weight': 1.0}
205,370,{'weight': 1.0}
205,341,{'weight': 1.0}
205,280,{'weight': 1.0}
205,292,{'weight': 1.0}
205,284,{'weight': 1.0}
205,317,{'weight': 1.0}
205,318,{'weight': 1.0}
206,341,{'weight': 1.0}
206,295,{'weight': 1.0}
206,332,{'weight': 1.0}
207,270,{'weight': 1.0}
207,277,{'weight': 1.0}
207,216,{'weight': 1.0}
207,221,{'weight': 1.0}
207,227,{'weight': 1.0}
207,356,{'weight': 1.0}
207,369,{'weight': 1.0}
207,364,{'weight': 1.0}
207,371,{'weight': 1.0}
207,254,{'weight': 1.0}
207,319,{'weight': 1.0}
208,210,{'weight': 1.0}
208,261,{'weight': 1.0}
209,322,{'weight': 1.0}
209,260,{'weight': 1.0}
209,391,{'weight': 1.0}
209,265,{'weight': 1.0}
209,273,{'weight': 1.0}
209,212,{'weight': 1.0}
209,407,{'weight': 1.0}
209,216,{'weight': 1.0}
209,347,{'weight': 1.0}
209,287,{'weight': 1.0}
209,304,{'weight': 1.0}
209,230,{'weight': 1.0}
209,299,{'weight': 1.0}
209,236,{'weight': 1.0}
209,313,{'weight': 1.0}
211,309,{'weight': 1.0}
211,259,{'weight': 1.0}
211,355,{'weight': 1.0}
211,242,{'weight': 1.0}
211,243,{'weight': 1.0}
211,374,{'weight': 1.0}
211,267,{'weight': 1.0}
211,331,{'weight': 1.0}
211,255,{'weight': 1.0}
212,385,{'weight': 1.0}
212,322,{'weight': 1.0}
212,260,{'weight': 1.0}
212,265,{'weight': 1.0}
212,407,{'weight': 1.0}
212,236,{'weight': 1.0}
212,313,{'weight': 1.0}
212,287,{'weight': 1.0}
213,336,{'weight': 1.0}
213,293,{'weight': 1.0}
214,294,{'weight': 1.0}
215,225,{'weight': 1.0}
215,396,{'weight': 1.0}
215,269,{'weight': 1.0}
215,273,{'weight': 1.0}
215,342,{'weight': 1.0}
215,409,{'weight': 1.0}
215,281,{'weight': 1.0}
215,285,{'weight': 1.0}
215,222,{'weight': 1.0}
215,290,{'weight': 1.0}
215,361,{'weight': 1.0}
215,234,{'weight': 1.0}
215,365,{'weight': 1.0}
215,371,{'weight': 1.0}
215,379,{'weight': 1.0}
216,265,{'weight': 1.0}
216,369,{'weight': 1.0}
216,270,{'weight': 1.0}
216,291,{'weight': 1.0}
216,277,{'weight': 1.0}
216,283,{'weight': 1.0}
216,287,{'weight': 1.0}
216,227,{'weight': 1.0}
216,356,{'weight': 1.0}
216,302,{'weight': 1.0}
216,221,{'weight': 1.0}
216,242,{'weight': 1.0}
216,371,{'weight': 1.0}
216,319,{'weight': 1.0}
217,403,{'weight': 1.0}
217,335,{'weight': 1.0}
217,358,{'weight': 1.0}
217,231,{'weight': 1.0}
217,238,{'weight': 1.0}
217,303,{'weight': 1.0}
217,241,{'weight': 1.0}
217,252,{'weight': 1.0}
219,233,{'weight': 1.0}
219,314,{'weight': 1.0}
219,283,{'weight': 1.0}
219,364,{'weight': 1.0}
220,305,{'weight': 1.0}
220,403,{'weight': 1.0}
220,226,{'weight': 1.0}
221,270,{'weight': 1.0}
221,277,{'weight': 1.0}
221,227,{'weight': 1.0}
221,369,{'weight': 1.0}
221,296,{'weight': 1.0}
221,291,{'weight': 1.0}
221,371,{'weight': 1.0}
221,319,{'weight': 1.0}
221,250,{'weight': 1.0}
221,254,{'weight': 1.0}
222,396,{'weight': 1.0}
222,269,{'weight': 1.0}
222,365,{'weight': 1.0}
222,342,{'weight': 1.0}
222,281,{'weight': 1.0}
222,282,{'weight': 1.0}
222,285,{'weight': 1.0}
222,409,{'weight': 1.0}
222,225,{'weight': 1.0}
222,290,{'weight': 1.0}
222,361,{'weight': 1.0}
222,242,{'weight': 1.0}
222,371,{'weight': 1.0}
223,377,{'weight': 1.0}
223,275,{'weight': 1.0}
223,297,{'weight': 1.0}
224,262,{'weight': 1.0}
224,334,{'weight': 1.0}
224,272,{'weight': 1.0}
224,401,{'weight': 1.0}
224,276,{'weight': 1.0}
224,336,{'weight': 1.0}
224,295,{'weight': 1.0}
224,348,{'weight': 1.0}
224,400,{'weight': 1.0}
224,376,{'weight': 1.0}
224,317,{'weight': 1.0}
225,409,{'weight': 1.0}
225,396,{'weight': 1.0}
225,354,{'weight': 1.0}
225,269,{'weight': 1.0}
225,281,{'weight': 1.0}
225,290,{'weight': 1.0}
225,361,{'weight': 1.0}
225,234,{'weight': 1.0}
225,365,{'weight': 1.0}
225,238,{'weight': 1.0}
225,312,{'weight': 1.0}
225,379,{'weight': 1.0}
225,371,{'weight': 1.0}
226,361,{'weight': 1.0}
226,403,{'weight': 1.0}
226,303,{'weight': 1.0}
226,305,{'weight': 1.0}
227,327,{'weight': 1.0}
227,270,{'weight': 1.0}
227,353,{'weight': 1.0}
227,356,{'weight': 1.0}
227,296,{'weight': 1.0}
227,364,{'weight': 1.0}
227,314,{'weight': 1.0}
227,254,{'weight': 1.0}
228,336,{'weight': 1.0}
228,235,{'weight': 1.0}
228,306,{'weight': 1.0}
228,325,{'weight': 1.0}
229,393,{'weight': 1.0}
229,331,{'weight': 1.0}
229,252,{'weight': 1.0}
229,253,{'weight': 1.0}
230,387,{'weight': 1.0}
230,407,{'weight': 1.0}
230,302,{'weight': 1.0}
230,356,{'weight': 1.0}
230,347,{'weight': 1.0}
230,299,{'weight': 1.0}
230,304,{'weight': 1.0}
230,265,{'weight': 1.0}
230,332,{'weight': 1.0}
231,358,{'weight': 1.0}
231,303,{'weight': 1.0}
231,241,{'weight': 1.0}
231,335,{'weight': 1.0}
231,405,{'weight': 1.0}
232,336,{'weight': 1.0}
232,363,{'weight': 1.0}
232,317,{'weight': 1.0}
232,304,{'weight': 1.0}
232,341,{'weight': 1.0}
232,292,{'weight': 1.0}
232,314,{'weight': 1.0}
233,364,{'weight': 1.0}
233,304,{'weight': 1.0}
233,274,{'weight': 1.0}
233,313,{'weight': 1.0}
233,314,{'weight': 1.0}
233,283,{'weight': 1.0}
234,409,{'weight': 1.0}
234,396,{'weight': 1.0}
234,342,{'weight': 1.0}
234,281,{'weight': 1.0}
234,282,{'weight': 1.0}
234,285,{'weight': 1.0}
234,350,{'weight': 1.0}
234,290,{'weight': 1.0}
234,361,{'weight': 1.0}
234,365,{'weight': 1.0}
234,238,{'weight': 1.0}
234,379,{'weight': 1.0}
235,256,{'weight': 1.0}
235,397,{'weight': 1.0}
235,286,{'weight': 1.0}
235,261,{'weight': 1.0}
235,244,{'weight': 1.0}
235,248,{'weight': 1.0}
235,318,{'weight': 1.0}
235,325,{'weight': 1.0}
236,385,{'weight': 1.0}
236,322,{'weight': 1.0}
236,260,{'weight': 1.0}
236,265,{'weight': 1.0}
236,313,{'weight': 1.0}
236,287,{'weight': 1.0}
237,304,{'weight': 1.0}
237,296,{'weight': 1.0}
237,242,{'weight': 1.0}
237,265,{'weight': 1.0}
237,299,{'weight': 1.0}
238,409,{'weight': 1.0}
238,273,{'weight': 1.0}
238,342,{'weight': 1.0}
238,281,{'weight': 1.0}
238,282,{'weight': 1.0}
238,285,{'weight': 1.0}
238,290,{'weight': 1.0}
238,361,{'weight': 1.0}
238,379,{'weight': 1.0}
239,357,{'weight': 1.0}
239,332,{'weight': 1.0}
239,317,{'weight': 1.0}
239,336,{'weight': 1.0}
240,397,{'weight': 1.0}
240,339,{'weight': 1.0}
240,311,{'weight': 1.0}
240,376,{'weight': 1.0}
240,381,{'weight': 1.0}
240,318,{'weight': 1.0}
241,358,{'weight': 1.0}
241,303,{'weight': 1.0}
241,335,{'weight': 1.0}
241,243,{'weight': 1.0}
242,389,{'weight': 1.0}
242,327,{'weight': 1.0}
242,398,{'weight': 1.0}
242,278,{'weight': 1.0}
242,303,{'weight': 1.0}
242,353,{'weight': 1.0}
242,283,{'weight': 1.0}
242,273,{'weight': 1.0}
242,296,{'weight': 1.0}
242,375,{'weight': 1.0}
242,254,{'weight': 1.0}
243,355,{'weight': 1.0}
244,298,{'weight': 1.0}
244,347,{'weight': 1.0}
244,314,{'weight': 1.0}
244,283,{'weight': 1.0}
245,305,{'weight': 1.0}
245,371,{'weight': 1.0}
245,337,{'weight': 1.0}
245,404,{'weight': 1.0}
245,359,{'weight': 1.0}
246,306,{'weight': 1.0}
248,286,{'weight': 1.0}
248,261,{'weight': 1.0}
249,261,{'weight': 1.0}
250,369,{'weight': 1.0}
250,274,{'weight': 1.0}
250,277,{'weight': 1.0}
250,313,{'weight': 1.0}
250,346,{'weight': 1.0}
251,289,{'weight': 1.0}
251,303,{'weight': 1.0}
251,301,{'weight': 1.0}
251,380,{'weight': 1.0}
251,378,{'weight': 1.0}
251,309,{'weight': 1.0}
252,358,{'weight': 1.0}
252,394,{'weight': 1.0}
252,366,{'weight': 1.0}
252,303,{'weight': 1.0}
252,373,{'weight': 1.0}
252,351,{'weight': 1.0}
253,355,{'weight': 1.0}
253,331,{'weight': 1.0}
254,327,{'weight': 1.0}
254,270,{'weight': 1.0}
254,356,{'weight': 1.0}
254,369,{'weight': 1.0}
254,353,{'weight': 1.0}
255,278,{'weight': 1.0}
255,259,{'weight': 1.0}
255,303,{'weight': 1.0}
256,384,{'weight': 1.0}
256,311,{'weight': 1.0}
256,261,{'weight': 1.0}
257,385,{'weight': 1.0}
257,390,{'weight': 1.0}
257,397,{'weight': 1.0}
257,284,{'weight': 1.0}
258,352,{'weight': 1.0}
258,370,{'weight': 1.0}
258,299,{'weight': 1.0}
258,260,{'weight': 1.0}
258,273,{'weight': 1.0}
259,378,{'weight': 1.0}
260,304,{'weight': 1.0}
260,357,{'weight': 1.0}
260,265,{'weight': 1.0}
260,391,{'weight': 1.0}
260,313,{'weight': 1.0}
260,287,{'weight': 1.0}
261,397,{'weight': 1.0}
262,401,{'weight': 1.0}
262,334,{'weight': 1.0}
264,332,{'weight': 1.0}
264,311,{'weight': 1.0}
265,322,{'weight': 1.0}
265,407,{'weight': 1.0}
265,313,{'weight': 1.0}
265,317,{'weight': 1.0}
265,287,{'weight': 1.0}
266,403,{'weight': 1.0}
266,350,{'weight': 1.0}
266,342,{'weight': 1.0}
267,328,{'weight': 1.0}
267,324,{'weight': 1.0}
267,405,{'weight': 1.0}
267,345,{'weight': 1.0}
269,396,{'weight': 1.0}
269,342,{'weight': 1.0}
269,281,{'weight': 1.0}
269,282,{'weight': 1.0}
269,290,{'weight': 1.0}
269,361,{'weight': 1.0}
269,365,{'weight': 1.0}
269,371,{'weight': 1.0}
270,396,{'weight': 1.0}
270,277,{'weight': 1.0}
270,356,{'weight': 1.0}
270,369,{'weight': 1.0}
270,371,{'weight': 1.0}
270,319,{'weight': 1.0}
271,368,{'weight': 1.0}
271,370,{'weight': 1.0}
271,292,{'weight': 1.0}
271,280,{'weight': 1.0}
271,284,{'weight': 1.0}
272,295,{'weight': 1.0}
272,348,{'weight': 1.0}
272,401,{'weight': 1.0}
272,276,{'weight': 1.0}
272,376,{'weight': 1.0}
273,332,{'weight': 1.0}
273,399,{'weight': 1.0}
273,336,{'weight': 1.0}
273,403,{'weight': 1.0}
273,281,{'weight': 1.0}
273,282,{'weight': 1.0}
273,303,{'weight': 1.0}
273,305,{'weight': 1.0}
273,313,{'weight': 1.0}
274,346,{'weight': 1.0}
275,377,{'weight': 1.0}
275,297,{'weight': 1.0}
275,386,{'weight': 1.0}
276,341,{'weight': 1.0}
276,317,{'weight': 1.0}
276,401,{'weight': 1.0}
276,348,{'weight': 1.0}
276,318,{'weight': 1.0}
277,356,{'weight': 1.0}
277,364,{'weight': 1.0}
277,369,{'weight': 1.0}
277,371,{'weight': 1.0}
277,319,{'weight': 1.0}
278,324,{'weight': 1.0}
278,389,{'weight': 1.0}
278,383,{'weight': 1.0}
278,398,{'weight': 1.0}
279,372,{'weight': 1.0}
280,368,{'weight': 1.0}
280,370,{'weight': 1.0}
281,320,{'weight': 1.0}
281,396,{'weight': 1.0}
281,409,{'weight': 1.0}
281,282,{'weight': 1.0}
281,285,{'weight': 1.0}
281,290,{'weight': 1.0}
281,359,{'weight': 1.0}
281,361,{'weight': 1.0}
281,365,{'weight': 1.0}
281,371,{'weight': 1.0}
281,379,{'weight': 1.0}
281,403,{'weight': 1.0}
282,371,{'weight': 1.0}
282,342,{'weight': 1.0}
282,409,{'weight': 1.0}
282,285,{'weight': 1.0}
282,290,{'weight': 1.0}
282,361,{'weight': 1.0}
282,310,{'weight': 1.0}
282,379,{'weight': 1.0}
283,291,{'weight': 1.0}
283,364,{'weight': 1.0}
283,369,{'weight': 1.0}
283,371,{'weight': 1.0}
283,314,{'weight': 1.0}
283,346,{'weight': 1.0}
284,352,{'weight': 1.0}
284,292,{'weight': 1.0}
284,385,{'weight': 1.0}
284,368,{'weight': 1.0}
285,310,{'weight': 1.0}
285,354,{'weight': 1.0}
285,342,{'weight': 1.0}
285,409,{'weight': 1.0}
285,290,{'weight': 1.0}
285,361,{'weight': 1.0}
285,365,{'weight': 1.0}
285,371,{'weight': 1.0}
285,379,{'weight': 1.0}
286,390,{'weight': 1.0}
286,334,{'weight': 1.0}
287,322,{'weight': 1.0}
287,391,{'weight': 1.0}
287,407,{'weight': 1.0}
287,299,{'weight': 1.0}
287,304,{'weight': 1.0}
287,368,{'weight': 1.0}
287,332,{'weight': 1.0}
287,313,{'weight': 1.0}
289,392,{'weight': 1.0}
289,303,{'weight': 1.0}
289,301,{'weight': 1.0}
289,309,{'weight': 1.0}
289,378,{'weight': 1.0}
289,380,{'weight': 1.0}
289,383,{'weight': 1.0}
290,409,{'weight': 1.0}
290,371,{'weight': 1.0}
290,342,{'weight': 1.0}
290,361,{'weight': 1.0}
290,379,{'weight': 1.0}
291,371,{'weight': 1.0}
291,304,{'weight': 1.0}
291,360,{'weight': 1.0}
291,375,{'weight': 1.0}
291,313,{'weight': 1.0}
291,314,{'weight': 1.0}
292,363,{'weight': 1.0}
292,318,{'weight': 1.0}
292,317,{'weight': 1.0}
292,341,{'weight': 1.0}
295,401,{'weight': 1.0}
295,334,{'weight': 1.0}
295,376,{'weight': 1.0}
295,348,{'weight': 1.0}
296,320,{'weight': 1.0}
296,353,{'weight': 1.0}
296,327,{'weight': 1.0}
296,398,{'weight': 1.0}
296,303,{'weight': 1.0}
296,304,{'weight': 1.0}
296,315,{'weight': 1.0}
297,388,{'weight': 1.0}
297,377,{'weight': 1.0}
298,408,{'weight': 1.0}
299,332,{'weight': 1.0}
299,407,{'weight': 1.0}
299,347,{'weight': 1.0}
299,304,{'weight': 1.0}
299,313,{'weight': 1.0}
300,306,{'weight': 1.0}
301,324,{'weight': 1.0}
301,394,{'weight': 1.0}
301,405,{'weight': 1.0}
301,343,{'weight': 1.0}
301,378,{'weight': 1.0}
301,355,{'weight': 1.0}
301,303,{'weight': 1.0}
301,392,{'weight': 1.0}
301,374,{'weight': 1.0}
301,380,{'weight': 1.0}
301,309,{'weight': 1.0}
302,356,{'weight': 1.0}
303,320,{'weight': 1.0}
303,398,{'weight': 1.0}
303,405,{'weight': 1.0}
303,409,{'weight': 1.0}
303,309,{'weight': 1.0}
303,310,{'weight': 1.0}
303,312,{'weight': 1.0}
303,315,{'weight': 1.0}
303,324,{'weight': 1.0}
303,335,{'weight': 1.0}
303,380,{'weight': 1.0}
303,373,{'weight': 1.0}
303,378,{'weight': 1.0}
304,325,{'weight': 1.0}
304,332,{'weight': 1.0}
304,336,{'weight': 1.0}
304,407,{'weight': 1.0}
304,347,{'weight': 1.0}
305,359,{'weight': 1.0}
305,361,{'weight': 1.0}
305,403,{'weight': 1.0}
305,310,{'weight': 1.0}
306,372,{'weight': 1.0}
306,408,{'weight': 1.0}
306,318,{'weight': 1.0}
308,332,{'weight': 1.0}
308,388,{'weight': 1.0}
308,339,{'weight': 1.0}
308,333,{'weight': 1.0}
309,383,{'weight': 1.0}
309,392,{'weight': 1.0}
309,405,{'weight': 1.0}
309,373,{'weight': 1.0}
309,380,{'weight': 1.0}
309,378,{'weight': 1.0}
311,332,{'weight': 1.0}
312,406,{'weight': 1.0}
313,385,{'weight': 1.0}
313,322,{'weight': 1.0}
313,391,{'weight': 1.0}
313,360,{'weight': 1.0}
313,317,{'weight': 1.0}
314,364,{'weight': 1.0}
315,320,{'weight': 1.0}
316,381,{'weight': 1.0}
317,334,{'weight': 1.0}
317,336,{'weight': 1.0}
317,401,{'weight': 1.0}
317,363,{'weight': 1.0}
317,341,{'weight': 1.0}
318,400,{'weight': 1.0}
318,397,{'weight': 1.0}
319,369,{'weight': 1.0}
320,350,{'weight': 1.0}
322,385,{'weight': 1.0}
324,329,{'weight': 1.0}
324,328,{'weight': 1.0}
324,405,{'weight': 1.0}
324,345,{'weight': 1.0}
325,336,{'weight': 1.0}
325,332,{'weight': 1.0}
326,354,{'weight': 1.0}
327,356,{'weight': 1.0}
327,353,{'weight': 1.0}
327,371,{'weight': 1.0}
328,405,{'weight': 1.0}
328,398,{'weight': 1.0}
329,335,{'weight': 1.0}
331,367,{'weight': 1.0}
331,374,{'weight': 1.0}
332,402,{'weight': 1.0}
332,339,{'weight': 1.0}
332,407,{'weight': 1.0}
332,372,{'weight': 1.0}
333,377,{'weight': 1.0}
333,388,{'weight': 1.0}
334,401,{'weight': 1.0}
334,376,{'weight': 1.0}
334,348,{'weight': 1.0}
335,358,{'weight': 1.0}
335,373,{'weight': 1.0}
336,395,{'weight': 1.0}
337,359,{'weight': 1.0}
338,346,{'weight': 1.0}
338,364,{'weight': 1.0}
338,365,{'weight': 1.0}
339,401,{'weight': 1.0}
339,390,{'weight': 1.0}
339,388,{'weight': 1.0}
340,375,{'weight': 1.0}
341,363,{'weight': 1.0}
341,368,{'weight': 1.0}
342,409,{'weight': 1.0}
342,361,{'weight': 1.0}
342,365,{'weight': 1.0}
342,379,{'weight': 1.0}
345,405,{'weight': 1.0}
346,364,{'weight': 1.0}
347,387,{'weight': 1.0}
347,407,{'weight': 1.0}
350,403,{'weight': 1.0}
350,361,{'weight': 1.0}
350,409,{'weight': 1.0}
351,366,{'weight': 1.0}
352,385,{'weight': 1.0}
353,360,{'weight': 1.0}
354,375,{'weight': 1.0}
355,394,{'weight': 1.0}
357,385,{'weight': 1.0}
360,368,{'weight': 1.0}
361,409,{'weight': 1.0}
361,379,{'weight': 1.0}
365,396,{'weight': 1.0}
365,371,{'weight': 1.0}
365,379,{'weight': 1.0}
367,374,{'weight': 1.0}
368,395,{'weight': 1.0}
369,387,{'weight': 1.0}
369,371,{'weight': 1.0}
371,396,{'weight': 1.0}
372,408,{'weight': 1.0}
372,377,{'weight': 1.0}
373,380,{'weight': 1.0}
377,388,{'weight': 1.0}
377,386,{'weight': 1.0}
378,392,{'weight': 1.0}
378,380,{'weight': 1.0}
379,409,{'weight': 1.0}
380,382,{'weight': 1.0}
382,389,{'weight': 1.0}
383,398,{'weight': 1.0}
385,390,{'weight': 1.0}
385,397,{'weight': 1.0}
391,407,{'weight': 1.0}
